seed,nn1_final,nn2_final,nn1_all,nn2_all
42,86.66,92.09,"[96.87274476786143, 94.4122036146576, 89.6220531370837, 86.66]","[97.88308876593698, 95.80500746144918, 94.82350006236747, 92.09]"
43,88.03999999999999,91.8,"[97.30574933846525, 92.85358978610513, 91.23113384058875, 88.03999999999999]","[98.00336781332692, 94.74382357817942, 93.36410128476986, 91.8]"
44,88.84,91.22,"[97.25763771950926, 93.26811474050739, 91.21866034676313, 88.84]","[97.85903295645898, 94.19665063836842, 93.83809405014345, 91.22]"
45,88.66000000000001,92.2,"[95.52561943709405, 93.566572707677, 91.66770612448548, 88.66000000000001]","[95.93456819821988, 94.81014757088376, 94.83597355619308, 92.2]"
46,88.19,92.44,"[97.76280971854703, 92.85358978610513, 92.42858924784832, 88.19]","[98.21987009862882, 95.05886254352512, 94.34950729699388, 92.44]"
